{"cameraMode":{"drawMode":0,"name":"Shaded","section":"Shading Mode"},"sceneLighting":false,"audioPlay":false,"sceneViewState":{"m_AlwaysRefresh":false,"showFog":true,"showSkybox":false,"showFlares":true,"showImageEffects":true,"showParticleSystems":true,"showVisualEffectGraphs":true,"m_FxEnabled":true},"in2DMode":false,"pivot":{"x":0.08099138736724854,"y":0.7321769595146179,"z":-0.04388695955276489},"rotation":{"x":-0.14674575626850129,"y":0.39491522312164309,"z":-0.06405965983867645,"w":-0.9046642184257507},"size":2.285383701324463,"orthographic":false}