{"cameraMode":{"drawMode":0,"name":"Shaded","section":"Shading Mode"},"sceneLighting":false,"audioPlay":false,"sceneViewState":{"m_AlwaysRefresh":false,"showFog":true,"showSkybox":false,"showFlares":true,"showImageEffects":true,"showParticleSystems":true,"showVisualEffectGraphs":true,"m_FxEnabled":true},"in2DMode":false,"pivot":{"x":3.609999895095825,"y":0.9369999766349793,"z":-5.909999847412109},"rotation":{"x":0.08708588778972626,"y":-0.050788819789886478,"z":0.004445260856300592,"w":0.9949003458023071},"size":10.449999809265137,"orthographic":false}