{"cameraMode":{"drawMode":0,"name":"Shaded","section":"Shading Mode"},"sceneLighting":true,"audioPlay":false,"sceneViewState":{"m_AlwaysRefresh":false,"showFog":true,"showSkybox":false,"showFlares":true,"showImageEffects":true,"showParticleSystems":true,"showVisualEffectGraphs":true,"m_FxEnabled":true},"in2DMode":false,"pivot":{"x":0.30143702030181887,"y":3.4767513275146486,"z":-11.51803970336914},"rotation":{"x":-0.0007711686776019633,"y":-0.9992522597312927,"z":0.02279628813266754,"w":-0.03269588202238083},"size":7.015732765197754,"orthographic":false}