{"cameraMode":{"drawMode":0,"name":"Shaded","section":"Shading Mode"},"sceneLighting":true,"audioPlay":false,"sceneViewState":{"m_AlwaysRefresh":false,"showFog":true,"showSkybox":false,"showFlares":true,"showImageEffects":true,"showParticleSystems":true,"showVisualEffectGraphs":true,"m_FxEnabled":true},"in2DMode":false,"pivot":{"x":0.47650545835494997,"y":4.728504180908203,"z":-11.701338768005371},"rotation":{"x":-0.000021617992388200946,"y":-0.9999714493751526,"z":0.012310495600104332,"w":0.0002910506445914507},"size":6.437552452087402,"orthographic":false}